dataset,rmse,auc,logloss
E5A,0.32681221734220395,0.938359201773836,0.3515246571242664
