dataset,rmse,auc,logloss
E6B,0.3123578974903748,0.9415716832629363,0.32501127172984945
