dataset,rmse,auc,logloss
E5B,0.31143632531972315,0.9448401385110246,0.32646180316414913
