dataset,rmse,auc,logloss
E4B,0.28291357449162463,0.9607050625054858,0.2705763052986394
