dataset,rmse,auc,logloss
E3A,0.3573110644106207,0.9269864763912841,0.4193398631074256
