dataset,rmse,auc,logloss
E1B,0.25868506153432597,0.9802372429119895,0.239116301431956
