dataset,rmse,auc,logloss
E3B,0.27902798046934035,0.9572980847518072,0.26602389933902415
