dataset,rmse,auc,logloss
E4A,0.2065296332818206,0.9998289727243167,0.194296190627546
