dataset,rmse,auc,logloss
E2B,0.21807215806165103,0.987398244871071,0.18356046713125004
